{
  "model": "meta-llama/Llama-3.1-8B-Instruct",
  "n_layers": 32,
  "timestamp": "2026-02-17 22:39:46",
  "circuit_sizes": {
    "capitals": 108,
    "refusal": 200,
    "sva": 61,
    "sentiment": 200,
    "sycophancy": 200
  },
  "jaccard_matrix": [
    [
      1.0,
      0.0165016501650165,
      0.07643312101910828,
      0.0,
      0.013157894736842105
    ],
    [
      0.0165016501650165,
      1.0,
      0.027559055118110236,
      0.15273775216138327,
      0.15606936416184972
    ],
    [
      0.07643312101910828,
      0.027559055118110236,
      1.0,
      0.023529411764705882,
      0.01953125
    ],
    [
      0.0,
      0.15273775216138327,
      0.023529411764705882,
      1.0,
      0.1111111111111111
    ],
    [
      0.013157894736842105,
      0.15606936416184972,
      0.01953125,
      0.1111111111111111,
      1.0
    ]
  ],
  "overlap_matrix": [
    [
      108,
      5,
      12,
      0,
      4
    ],
    [
      5,
      200,
      7,
      53,
      54
    ],
    [
      12,
      7,
      61,
      6,
      5
    ],
    [
      0,
      53,
      6,
      200,
      40
    ],
    [
      4,
      54,
      5,
      40,
      200
    ]
  ],
  "behavior_names": [
    "capitals",
    "refusal",
    "sva",
    "sentiment",
    "sycophancy"
  ],
  "pairwise": {
    "capitals_vs_refusal": {
      "jaccard": 0.016502,
      "overlap_count": 5,
      "size_a": 108,
      "size_b": 200,
      "shared_by_layer": {
        "31": 3,
        "30": 2
      }
    },
    "capitals_vs_sva": {
      "jaccard": 0.076433,
      "overlap_count": 12,
      "size_a": 108,
      "size_b": 61,
      "shared_by_layer": {
        "19": 2,
        "16": 1,
        "25": 1,
        "15": 1,
        "4": 1,
        "28": 1,
        "30": 4,
        "18": 1
      }
    },
    "capitals_vs_sentiment": {
      "jaccard": 0.0,
      "overlap_count": 0,
      "size_a": 108,
      "size_b": 200,
      "shared_by_layer": {}
    },
    "capitals_vs_sycophancy": {
      "jaccard": 0.013158,
      "overlap_count": 4,
      "size_a": 108,
      "size_b": 200,
      "shared_by_layer": {
        "13": 1,
        "30": 1,
        "31": 2
      }
    },
    "refusal_vs_sva": {
      "jaccard": 0.027559,
      "overlap_count": 7,
      "size_a": 200,
      "size_b": 61,
      "shared_by_layer": {
        "31": 4,
        "30": 2,
        "29": 1
      }
    },
    "refusal_vs_sentiment": {
      "jaccard": 0.152738,
      "overlap_count": 53,
      "size_a": 200,
      "size_b": 200,
      "shared_by_layer": {
        "28": 1,
        "31": 49,
        "30": 2,
        "29": 1
      }
    },
    "refusal_vs_sycophancy": {
      "jaccard": 0.156069,
      "overlap_count": 54,
      "size_a": 200,
      "size_b": 200,
      "shared_by_layer": {
        "31": 45,
        "30": 4,
        "23": 1,
        "27": 1,
        "26": 1,
        "29": 2
      }
    },
    "sva_vs_sentiment": {
      "jaccard": 0.023529,
      "overlap_count": 6,
      "size_a": 61,
      "size_b": 200,
      "shared_by_layer": {
        "30": 1,
        "31": 5
      }
    },
    "sva_vs_sycophancy": {
      "jaccard": 0.019531,
      "overlap_count": 5,
      "size_a": 61,
      "size_b": 200,
      "shared_by_layer": {
        "31": 3,
        "30": 1,
        "29": 1
      }
    },
    "sentiment_vs_sycophancy": {
      "jaccard": 0.111111,
      "overlap_count": 40,
      "size_a": 200,
      "size_b": 200,
      "shared_by_layer": {
        "31": 38,
        "29": 1,
        "25": 1
      }
    }
  },
  "shared_infrastructure": {
    "n_3plus": 23,
    "n_all": 0,
    "by_layer": {
      "30": 2,
      "31": 20,
      "29": 1
    },
    "neurons_3plus": [
      {
        "layer": 30,
        "neuron": 936,
        "count": 4
      },
      {
        "layer": 31,
        "neuron": 11999,
        "count": 4
      },
      {
        "layer": 31,
        "neuron": 6466,
        "count": 4
      },
      {
        "layer": 31,
        "neuron": 14027,
        "count": 3
      },
      {
        "layer": 30,
        "neuron": 13607,
        "count": 3
      },
      {
        "layer": 31,
        "neuron": 5919,
        "count": 3
      },
      {
        "layer": 31,
        "neuron": 12529,
        "count": 3
      },
      {
        "layer": 31,
        "neuron": 1324,
        "count": 3
      },
      {
        "layer": 31,
        "neuron": 12252,
        "count": 3
      },
      {
        "layer": 31,
        "neuron": 13292,
        "count": 3
      },
      {
        "layer": 31,
        "neuron": 11013,
        "count": 3
      },
      {
        "layer": 31,
        "neuron": 3175,
        "count": 3
      },
      {
        "layer": 31,
        "neuron": 4352,
        "count": 3
      },
      {
        "layer": 29,
        "neuron": 12988,
        "count": 3
      },
      {
        "layer": 31,
        "neuron": 996,
        "count": 3
      },
      {
        "layer": 31,
        "neuron": 13648,
        "count": 3
      },
      {
        "layer": 31,
        "neuron": 10697,
        "count": 3
      },
      {
        "layer": 31,
        "neuron": 3387,
        "count": 3
      },
      {
        "layer": 31,
        "neuron": 8829,
        "count": 3
      },
      {
        "layer": 31,
        "neuron": 6614,
        "count": 3
      },
      {
        "layer": 31,
        "neuron": 13933,
        "count": 3
      },
      {
        "layer": 31,
        "neuron": 14107,
        "count": 3
      },
      {
        "layer": 31,
        "neuron": 10759,
        "count": 3
      }
    ]
  },
  "task_specific": {
    "capitals": {
      "count": 90,
      "fraction": 0.8333,
      "by_layer": {
        "17": 3,
        "19": 5,
        "30": 5,
        "13": 4,
        "14": 4,
        "11": 3,
        "31": 7,
        "5": 2,
        "23": 7,
        "16": 3,
        "6": 1,
        "2": 3,
        "12": 3,
        "27": 4,
        "28": 1,
        "26": 3,
        "24": 2,
        "15": 2,
        "21": 5,
        "0": 5,
        "10": 1,
        "20": 4,
        "9": 2,
        "1": 2,
        "18": 3,
        "4": 1,
        "22": 1,
        "25": 1,
        "7": 1,
        "8": 1,
        "3": 1
      }
    },
    "refusal": {
      "count": 106,
      "fraction": 0.53,
      "by_layer": {
        "31": 62,
        "30": 23,
        "28": 3,
        "24": 2,
        "22": 3,
        "23": 1,
        "26": 2,
        "29": 3,
        "11": 1,
        "25": 1,
        "27": 1,
        "20": 1,
        "18": 2,
        "15": 1
      }
    },
    "sva": {
      "count": 40,
      "fraction": 0.6557,
      "by_layer": {
        "31": 13,
        "0": 5,
        "7": 1,
        "23": 1,
        "15": 3,
        "28": 3,
        "29": 5,
        "17": 1,
        "26": 1,
        "25": 2,
        "2": 1,
        "11": 1,
        "30": 2,
        "27": 1
      }
    },
    "sentiment": {
      "count": 123,
      "fraction": 0.615,
      "by_layer": {
        "31": 65,
        "18": 1,
        "26": 5,
        "21": 3,
        "29": 7,
        "22": 5,
        "30": 13,
        "19": 5,
        "25": 3,
        "28": 4,
        "27": 2,
        "24": 3,
        "17": 2,
        "23": 1,
        "20": 2,
        "16": 2
      }
    },
    "sycophancy": {
      "count": 122,
      "fraction": 0.61,
      "by_layer": {
        "31": 84,
        "25": 5,
        "28": 4,
        "22": 1,
        "20": 1,
        "29": 5,
        "30": 16,
        "19": 1,
        "18": 1,
        "26": 1,
        "21": 1,
        "23": 1,
        "16": 1
      }
    }
  },
  "n_unique_to_one": 481
}