{
  "model": "meta-llama/Llama-3.1-8B-Instruct",
  "n_layers": 32,
  "intermediate_size": 14336,
  "timestamp": "2026-02-17 22:38:21",
  "behaviors": {
    "capitals": {
      "n_neurons": 108,
      "n_unique_neurons": 108,
      "layer_counts": [
        5,
        2,
        3,
        1,
        2,
        2,
        1,
        1,
        1,
        2,
        1,
        3,
        3,
        5,
        4,
        3,
        4,
        3,
        4,
        7,
        4,
        5,
        1,
        7,
        2,
        2,
        3,
        4,
        2,
        0,
        10,
        11
      ],
      "layer_attr_sum": [
        1.3049888610839844,
        0.197509765625,
        0.46201578776041674,
        0.12737528483072916,
        0.37456766764322913,
        0.260986328125,
        0.10856119791666667,
        0.11027018229166667,
        0.12064615885416667,
        0.279693603515625,
        0.09798177083333333,
        0.32112884521484375,
        0.57122802734375,
        0.710113525390625,
        0.5029551188151041,
        0.4565022786458333,
        0.5431365966796875,
        0.4048004150390625,
        0.5714810689290364,
        1.2757174173990884,
        0.6747862497965494,
        1.0976568857828775,
        0.093170166015625,
        2.466321627298991,
        0.27693684895833337,
        0.4617919921875,
        0.3779792785644531,
        0.5221722920735677,
        0.2749141057332357,
        0.0,
        1.3797472318013508,
        1.6287638346354163
      ],
      "layers_active": [
        0,
        1,
        2,
        3,
        4,
        5,
        6,
        7,
        8,
        9,
        10,
        11,
        12,
        13,
        14,
        15,
        16,
        17,
        18,
        19,
        20,
        21,
        22,
        23,
        24,
        25,
        26,
        27,
        28,
        30,
        31
      ],
      "median_layer": 20,
      "mean_layer": 18.32,
      "std_layer": 9.29,
      "concentration_top3": 0.3032,
      "peak_layers": [
        [
          23,
          2.466322
        ],
        [
          31,
          1.628764
        ],
        [
          30,
          1.379747
        ],
        [
          0,
          1.304989
        ],
        [
          19,
          1.275717
        ]
      ],
      "relative_layer_counts": [
        0.046296296296296294,
        0.018518518518518517,
        0.027777777777777776,
        0.009259259259259259,
        0.018518518518518517,
        0.018518518518518517,
        0.009259259259259259,
        0.009259259259259259,
        0.009259259259259259,
        0.018518518518518517,
        0.009259259259259259,
        0.027777777777777776,
        0.027777777777777776,
        0.046296296296296294,
        0.037037037037037035,
        0.027777777777777776,
        0.037037037037037035,
        0.027777777777777776,
        0.037037037037037035,
        0.06481481481481481,
        0.037037037037037035,
        0.046296296296296294,
        0.009259259259259259,
        0.06481481481481481,
        0.018518518518518517,
        0.018518518518518517,
        0.027777777777777776,
        0.037037037037037035,
        0.018518518518518517,
        0.0,
        0.09259259259259259,
        0.10185185185185185
      ]
    },
    "refusal": {
      "n_neurons": 200,
      "n_unique_neurons": 200,
      "layer_counts": [
        0,
        0,
        0,
        0,
        0,
        0,
        0,
        0,
        0,
        0,
        0,
        1,
        0,
        0,
        0,
        1,
        0,
        0,
        2,
        0,
        1,
        0,
        3,
        2,
        2,
        1,
        3,
        2,
        4,
        6,
        30,
        142
      ],
      "layer_attr_sum": [
        0.0,
        0.0,
        0.0,
        0.0,
        0.0,
        0.0,
        0.0,
        0.0,
        0.0,
        0.0,
        0.0,
        1.2109375,
        0.0,
        0.0,
        0.0,
        1.109375,
        0.0,
        0.0,
        2.28125,
        0.0,
        2.140625,
        0.0,
        4.390625,
        3.359375,
        3.84375,
        1.078125,
        6.21875,
        3.2578125,
        5.6171875,
        8.734375,
        38.828125,
        212.296875
      ],
      "layers_active": [
        11,
        15,
        18,
        20,
        22,
        23,
        24,
        25,
        26,
        27,
        28,
        29,
        30,
        31
      ],
      "median_layer": 31,
      "mean_layer": 29.94,
      "std_layer": 2.74,
      "concentration_top3": 0.8828,
      "peak_layers": [
        [
          31,
          212.296875
        ],
        [
          30,
          38.828125
        ],
        [
          29,
          8.734375
        ],
        [
          26,
          6.21875
        ],
        [
          28,
          5.617188
        ]
      ],
      "relative_layer_counts": [
        0.0,
        0.0,
        0.0,
        0.0,
        0.0,
        0.0,
        0.0,
        0.0,
        0.0,
        0.0,
        0.0,
        0.005,
        0.0,
        0.0,
        0.0,
        0.005,
        0.0,
        0.0,
        0.01,
        0.0,
        0.005,
        0.0,
        0.015,
        0.01,
        0.01,
        0.005,
        0.015,
        0.01,
        0.02,
        0.03,
        0.15,
        0.71
      ]
    },
    "sva": {
      "n_neurons": 61,
      "n_unique_neurons": 61,
      "layer_counts": [
        5,
        0,
        1,
        0,
        1,
        0,
        0,
        1,
        0,
        0,
        0,
        1,
        0,
        0,
        0,
        4,
        1,
        1,
        1,
        2,
        0,
        0,
        0,
        1,
        0,
        3,
        1,
        1,
        4,
        6,
        7,
        20
      ],
      "layer_attr_sum": [
        0.4549687703450521,
        0.0,
        0.07605806986490886,
        0.0,
        0.174560546875,
        0.0,
        0.0,
        0.06534067789713542,
        0.0,
        0.0,
        0.0,
        0.08394368489583333,
        0.0,
        0.0,
        0.0,
        0.37194061279296875,
        0.09725125630696614,
        0.08505694071451823,
        0.07506434122721355,
        0.1400909423828125,
        0.0,
        0.0,
        0.0,
        0.069244384765625,
        0.0,
        0.278418223063151,
        0.08913930257161458,
        0.06878662109375,
        0.3089396158854167,
        0.7543137868245443,
        0.7009843190511068,
        1.8862609863281252
      ],
      "layers_active": [
        0,
        2,
        4,
        7,
        11,
        15,
        16,
        17,
        18,
        19,
        23,
        25,
        26,
        27,
        28,
        29,
        30,
        31
      ],
      "median_layer": 29,
      "mean_layer": 23.8,
      "std_layer": 10.11,
      "concentration_top3": 0.5781,
      "peak_layers": [
        [
          31,
          1.886261
        ],
        [
          29,
          0.754314
        ],
        [
          30,
          0.700984
        ],
        [
          0,
          0.454969
        ],
        [
          15,
          0.371941
        ]
      ],
      "relative_layer_counts": [
        0.08196721311475409,
        0.0,
        0.01639344262295082,
        0.0,
        0.01639344262295082,
        0.0,
        0.0,
        0.01639344262295082,
        0.0,
        0.0,
        0.0,
        0.01639344262295082,
        0.0,
        0.0,
        0.0,
        0.06557377049180328,
        0.01639344262295082,
        0.01639344262295082,
        0.01639344262295082,
        0.03278688524590164,
        0.0,
        0.0,
        0.0,
        0.01639344262295082,
        0.0,
        0.04918032786885246,
        0.01639344262295082,
        0.01639344262295082,
        0.06557377049180328,
        0.09836065573770492,
        0.11475409836065574,
        0.32786885245901637
      ]
    },